group,time,photo,condition,part,od_mm,id_mm,ellipticity_pct,master,calibration,mm_per_px,edge_px,threshold
G1,2026-11-30T11:18:00Z,IMG_101.jpg,backlight 1,M,15.78,8.57,0.11,true,master outer+inner,0.076115,0.1,128
G1,2026-11-30T11:18:00Z,IMG_101.jpg,backlight 1,1,15.8504,8.5396,0.22,false,master outer+inner,0.076115,0.1,128
G1,2026-11-30T11:18:00Z,IMG_101.jpg,backlight 1,2,15.8085,8.5406,0.08,false,master outer+inner,0.076115,0.1,128
G1,2026-11-30T11:18:00Z,IMG_101.jpg,backlight 1,3,15.8304,8.5434,0.21,false,master outer+inner,0.076115,0.1,128
G1,2026-11-30T11:18:00Z,IMG_101.jpg,backlight 1,4,15.8963,8.5445,0.35,false,master outer+inner,0.076115,0.1,128
G1,2026-11-30T11:18:00Z,IMG_101.jpg,backlight 1,5,15.8683,8.5656,0.22,false,master outer+inner,0.076115,0.1,128
G1,2026-11-30T11:18:00Z,IMG_101.jpg,backlight 1,6,15.8209,8.537,0.11,false,master outer+inner,0.076115,0.1,128
G1,2026-11-30T11:18:00Z,IMG_101.jpg,backlight 1,7,15.7999,8.5546,0.17,false,master outer+inner,0.076115,0.1,128
G1,2026-11-30T11:18:00Z,IMG_101.jpg,backlight 1,8,15.8355,8.4848,0.07,false,master outer+inner,0.076115,0.1,128
G1,2026-11-30T11:18:00Z,IMG_101.jpg,backlight 1,9,15.7805,8.5468,0.04,false,master outer+inner,0.076115,0.1,128
G1,2026-11-30T11:18:00Z,IMG_101.jpg,backlight 1,10,15.7954,8.5579,0.1,false,master outer+inner,0.076115,0.1,128
G1,2026-11-30T11:18:00Z,IMG_101.jpg,backlight 1,11,15.8618,8.5822,0.16,false,master outer+inner,0.076115,0.1,128
G1,2026-11-30T11:18:00Z,IMG_101.jpg,backlight 1,12,15.756,8.5749,0.33,false,master outer+inner,0.076115,0.1,128
G1,2026-11-30T11:18:00Z,IMG_101.jpg,backlight 1,13,15.7457,8.5659,0.19,false,master outer+inner,0.076115,0.1,128
G1,2026-11-30T11:18:00Z,IMG_101.jpg,backlight 1,14,15.7558,8.5758,0.25,false,master outer+inner,0.076115,0.1,128
G1,2026-11-30T11:18:00Z,IMG_101.jpg,backlight 1,15,15.8655,8.6056,0.09,false,master outer+inner,0.076115,0.1,128
G1,2026-11-30T11:20:00Z,IMG_102.jpg,backlight 2,M,15.78,8.57,0.15,true,master outer+inner,0.076115,0.1,128
G1,2026-11-30T11:20:00Z,IMG_102.jpg,backlight 2,1,15.8649,8.5374,0.05,false,master outer+inner,0.076115,0.1,128
G1,2026-11-30T11:20:00Z,IMG_102.jpg,backlight 2,2,15.7949,8.5479,0.08,false,master outer+inner,0.076115,0.1,128
G1,2026-11-30T11:20:00Z,IMG_102.jpg,backlight 2,3,15.8184,8.5433,0.01,false,master outer+inner,0.076115,0.1,128
G1,2026-11-30T11:20:00Z,IMG_102.jpg,backlight 2,4,15.8337,8.5366,0.16,false,master outer+inner,0.076115,0.1,128
G1,2026-11-30T11:20:00Z,IMG_102.jpg,backlight 2,5,15.8508,8.5315,0.17,false,master outer+inner,0.076115,0.1,128
G1,2026-11-30T11:20:00Z,IMG_102.jpg,backlight 2,6,15.8146,8.5023,0.01,false,master outer+inner,0.076115,0.1,128
G1,2026-11-30T11:20:00Z,IMG_102.jpg,backlight 2,7,15.7998,8.5757,0.12,false,master outer+inner,0.076115,0.1,128
G1,2026-11-30T11:20:00Z,IMG_102.jpg,backlight 2,8,15.8372,8.4976,0.15,false,master outer+inner,0.076115,0.1,128
G1,2026-11-30T11:20:00Z,IMG_102.jpg,backlight 2,9,15.8043,8.5715,0.24,false,master outer+inner,0.076115,0.1,128
G1,2026-11-30T11:20:00Z,IMG_102.jpg,backlight 2,10,15.7971,8.497,0.16,false,master outer+inner,0.076115,0.1,128
G1,2026-11-30T11:20:00Z,IMG_102.jpg,backlight 2,11,15.8482,8.6025,0.28,false,master outer+inner,0.076115,0.1,128
G1,2026-11-30T11:20:00Z,IMG_102.jpg,backlight 2,12,15.766,8.5998,0.23,false,master outer+inner,0.076115,0.1,128
G1,2026-11-30T11:20:00Z,IMG_102.jpg,backlight 2,13,15.7621,8.5659,0.11,false,master outer+inner,0.076115,0.1,128
G1,2026-11-30T11:20:00Z,IMG_102.jpg,backlight 2,14,15.7475,8.6045,0.21,false,master outer+inner,0.076115,0.1,128
G1,2026-11-30T11:20:00Z,IMG_102.jpg,backlight 2,15,15.8901,8.5832,0.28,false,master outer+inner,0.076115,0.1,128
G1,2026-11-30T11:22:00Z,IMG_103.jpg,backlight 3,M,15.78,8.57,0.13,true,master outer+inner,0.076115,0.1,128
G1,2026-11-30T11:22:00Z,IMG_103.jpg,backlight 3,1,15.8409,8.4964,0.06,false,master outer+inner,0.076115,0.1,128
G1,2026-11-30T11:22:00Z,IMG_103.jpg,backlight 3,2,15.8182,8.5263,0.11,false,master outer+inner,0.076115,0.1,128
G1,2026-11-30T11:22:00Z,IMG_103.jpg,backlight 3,3,15.8408,8.5477,0.29,false,master outer+inner,0.076115,0.1,128
G1,2026-11-30T11:22:00Z,IMG_103.jpg,backlight 3,4,15.8465,8.5166,0.27,false,master outer+inner,0.076115,0.1,128
G1,2026-11-30T11:22:00Z,IMG_103.jpg,backlight 3,5,15.7967,8.5396,0.17,false,master outer+inner,0.076115,0.1,128
G1,2026-11-30T11:22:00Z,IMG_103.jpg,backlight 3,6,15.8164,8.5465,0.27,false,master outer+inner,0.076115,0.1,128
G1,2026-11-30T11:22:00Z,IMG_103.jpg,backlight 3,7,15.8089,8.5591,0.17,false,master outer+inner,0.076115,0.1,128
G1,2026-11-30T11:22:00Z,IMG_103.jpg,backlight 3,8,15.7981,8.4902,0.14,false,master outer+inner,0.076115,0.1,128
G1,2026-11-30T11:22:00Z,IMG_103.jpg,backlight 3,9,15.7829,8.5777,0.04,false,master outer+inner,0.076115,0.1,128
G1,2026-11-30T11:22:00Z,IMG_103.jpg,backlight 3,10,15.8026,8.4976,0.19,false,master outer+inner,0.076115,0.1,128
G1,2026-11-30T11:22:00Z,IMG_103.jpg,backlight 3,11,15.8694,8.6135,0.38,false,master outer+inner,0.076115,0.1,128
G1,2026-11-30T11:22:00Z,IMG_103.jpg,backlight 3,12,15.798,8.5707,0.36,false,master outer+inner,0.076115,0.1,128
G1,2026-11-30T11:22:00Z,IMG_103.jpg,backlight 3,13,15.7404,8.5603,0.21,false,master outer+inner,0.076115,0.1,128
G1,2026-11-30T11:22:00Z,IMG_103.jpg,backlight 3,14,15.7444,8.6106,0.18,false,master outer+inner,0.076115,0.1,128
G1,2026-11-30T11:22:00Z,IMG_103.jpg,backlight 3,15,15.8773,8.5681,0.25,false,master outer+inner,0.076115,0.1,128
G2,2026-11-30T11:24:00Z,IMG_201.jpg,backlight 1,M,15.87,8.55,0.11,true,master outer+inner,0.073264,0.1,128
G2,2026-11-30T11:24:00Z,IMG_201.jpg,backlight 1,1,15.8309,8.6273,0.06,false,master outer+inner,0.073264,0.1,128
G2,2026-11-30T11:24:00Z,IMG_201.jpg,backlight 1,2,15.8854,8.5637,0.1,false,master outer+inner,0.073264,0.1,128
G2,2026-11-30T11:24:00Z,IMG_201.jpg,backlight 1,3,15.8694,8.4776,0.06,false,master outer+inner,0.073264,0.1,128
G2,2026-11-30T11:24:00Z,IMG_201.jpg,backlight 1,4,15.8352,8.5631,0.11,false,master outer+inner,0.073264,0.1,128
G2,2026-11-30T11:24:00Z,IMG_201.jpg,backlight 1,5,15.8535,8.5428,0.13,false,master outer+inner,0.073264,0.1,128
G2,2026-11-30T11:24:00Z,IMG_201.jpg,backlight 1,6,15.6026,8.5417,0.06,false,master outer+inner,0.073264,0.1,128
G2,2026-11-30T11:24:00Z,IMG_201.jpg,backlight 1,7,15.8246,8.5227,0.28,false,master outer+inner,0.073264,0.1,128
G2,2026-11-30T11:24:00Z,IMG_201.jpg,backlight 1,8,15.8925,8.5861,0.32,false,master outer+inner,0.073264,0.1,128
G2,2026-11-30T11:24:00Z,IMG_201.jpg,backlight 1,9,15.8109,8.5068,0.21,false,master outer+inner,0.073264,0.1,128
G2,2026-11-30T11:24:00Z,IMG_201.jpg,backlight 1,10,15.7503,8.6057,0.35,false,master outer+inner,0.073264,0.1,128
G2,2026-11-30T11:24:00Z,IMG_201.jpg,backlight 1,11,15.8438,8.5614,0.06,false,master outer+inner,0.073264,0.1,128
G2,2026-11-30T11:24:00Z,IMG_201.jpg,backlight 1,12,15.8106,8.5719,0.14,false,master outer+inner,0.073264,0.1,128
G2,2026-11-30T11:24:00Z,IMG_201.jpg,backlight 1,13,15.7996,8.5429,0.18,false,master outer+inner,0.073264,0.1,128
G2,2026-11-30T11:24:00Z,IMG_201.jpg,backlight 1,14,15.8529,8.5695,0.13,false,master outer+inner,0.073264,0.1,128
G2,2026-11-30T11:24:00Z,IMG_201.jpg,backlight 1,15,15.7936,8.5716,0.06,false,master outer+inner,0.073264,0.1,128
G2,2026-11-30T11:26:00Z,IMG_202.jpg,backlight 2,M,15.87,8.55,0.22,true,master outer+inner,0.073264,0.1,128
G2,2026-11-30T11:26:00Z,IMG_202.jpg,backlight 2,1,15.8641,8.626,0.03,false,master outer+inner,0.073264,0.1,128
G2,2026-11-30T11:26:00Z,IMG_202.jpg,backlight 2,2,15.886,8.5185,0.0,false,master outer+inner,0.073264,0.1,128
G2,2026-11-30T11:26:00Z,IMG_202.jpg,backlight 2,3,15.8926,8.5178,0.1,false,master outer+inner,0.073264,0.1,128
G2,2026-11-30T11:26:00Z,IMG_202.jpg,backlight 2,4,15.8252,8.547,0.16,false,master outer+inner,0.073264,0.1,128
G2,2026-11-30T11:26:00Z,IMG_202.jpg,backlight 2,5,15.8639,8.5507,0.27,false,master outer+inner,0.073264,0.1,128
G2,2026-11-30T11:26:00Z,IMG_202.jpg,backlight 2,6,15.6096,8.5711,0.14,false,master outer+inner,0.073264,0.1,128
G2,2026-11-30T11:26:00Z,IMG_202.jpg,backlight 2,7,15.8191,8.522,0.23,false,master outer+inner,0.073264,0.1,128
G2,2026-11-30T11:26:00Z,IMG_202.jpg,backlight 2,8,15.8459,8.5778,0.27,false,master outer+inner,0.073264,0.1,128
G2,2026-11-30T11:26:00Z,IMG_202.jpg,backlight 2,9,15.8337,8.4965,0.04,false,master outer+inner,0.073264,0.1,128
G2,2026-11-30T11:26:00Z,IMG_202.jpg,backlight 2,10,15.7846,8.5774,0.16,false,master outer+inner,0.073264,0.1,128
G2,2026-11-30T11:26:00Z,IMG_202.jpg,backlight 2,11,15.827,8.5564,0.1,false,master outer+inner,0.073264,0.1,128
G2,2026-11-30T11:26:00Z,IMG_202.jpg,backlight 2,12,15.8361,8.5318,0.19,false,master outer+inner,0.073264,0.1,128
G2,2026-11-30T11:26:00Z,IMG_202.jpg,backlight 2,13,15.8115,8.5681,0.14,false,master outer+inner,0.073264,0.1,128
G2,2026-11-30T11:26:00Z,IMG_202.jpg,backlight 2,14,15.8408,8.6453,0.21,false,master outer+inner,0.073264,0.1,128
G2,2026-11-30T11:26:00Z,IMG_202.jpg,backlight 2,15,15.7984,8.5684,0.07,false,master outer+inner,0.073264,0.1,128
G2,2026-11-30T11:28:00Z,IMG_203.jpg,backlight 3,M,15.87,8.55,0.24,true,master outer+inner,0.073264,0.1,128
G2,2026-11-30T11:28:00Z,IMG_203.jpg,backlight 3,1,15.8534,8.6075,0.28,false,master outer+inner,0.073264,0.1,128
G2,2026-11-30T11:28:00Z,IMG_203.jpg,backlight 3,2,15.8823,8.5183,0.1,false,master outer+inner,0.073264,0.1,128
G2,2026-11-30T11:28:00Z,IMG_203.jpg,backlight 3,3,15.8614,8.5091,0.2,false,master outer+inner,0.073264,0.1,128
G2,2026-11-30T11:28:00Z,IMG_203.jpg,backlight 3,4,15.8463,8.5763,0.17,false,master outer+inner,0.073264,0.1,128
G2,2026-11-30T11:28:00Z,IMG_203.jpg,backlight 3,5,15.85,8.5112,0.16,false,master outer+inner,0.073264,0.1,128
G2,2026-11-30T11:28:00Z,IMG_203.jpg,backlight 3,6,15.6317,8.5446,0.09,false,master outer+inner,0.073264,0.1,128
G2,2026-11-30T11:28:00Z,IMG_203.jpg,backlight 3,7,15.8256,8.5352,0.11,false,master outer+inner,0.073264,0.1,128
G2,2026-11-30T11:28:00Z,IMG_203.jpg,backlight 3,8,15.8585,8.5439,0.06,false,master outer+inner,0.073264,0.1,128
G2,2026-11-30T11:28:00Z,IMG_203.jpg,backlight 3,9,15.8298,8.4763,0.28,false,master outer+inner,0.073264,0.1,128
G2,2026-11-30T11:28:00Z,IMG_203.jpg,backlight 3,10,15.7322,8.5645,0.18,false,master outer+inner,0.073264,0.1,128
G2,2026-11-30T11:28:00Z,IMG_203.jpg,backlight 3,11,15.8056,8.5145,0.11,false,master outer+inner,0.073264,0.1,128
G2,2026-11-30T11:28:00Z,IMG_203.jpg,backlight 3,12,15.843,8.5404,0.1,false,master outer+inner,0.073264,0.1,128
G2,2026-11-30T11:28:00Z,IMG_203.jpg,backlight 3,13,15.771,8.5361,0.17,false,master outer+inner,0.073264,0.1,128
G2,2026-11-30T11:28:00Z,IMG_203.jpg,backlight 3,14,15.844,8.5828,0.12,false,master outer+inner,0.073264,0.1,128
G2,2026-11-30T11:28:00Z,IMG_203.jpg,backlight 3,15,15.7894,8.5879,0.14,false,master outer+inner,0.073264,0.1,128
G3,2026-11-30T11:30:00Z,IMG_301.jpg,backlight 1,M,15.71,8.54,0.16,true,master outer+inner,0.071366,0.1,128
G3,2026-11-30T11:30:00Z,IMG_301.jpg,backlight 1,1,15.9038,8.5442,0.13,false,master outer+inner,0.071366,0.1,128
G3,2026-11-30T11:30:00Z,IMG_301.jpg,backlight 1,2,15.8629,8.6115,0.26,false,master outer+inner,0.071366,0.1,128
G3,2026-11-30T11:30:00Z,IMG_301.jpg,backlight 1,3,15.7278,8.5007,0.27,false,master outer+inner,0.071366,0.1,128
G3,2026-11-30T11:30:00Z,IMG_301.jpg,backlight 1,4,15.8268,8.5201,0.13,false,master outer+inner,0.071366,0.1,128
G3,2026-11-30T11:30:00Z,IMG_301.jpg,backlight 1,5,15.9143,8.5185,0.07,false,master outer+inner,0.071366,0.1,128
G3,2026-11-30T11:30:00Z,IMG_301.jpg,backlight 1,6,15.754,8.5146,0.16,false,master outer+inner,0.071366,0.1,128
G3,2026-11-30T11:30:00Z,IMG_301.jpg,backlight 1,7,15.8706,8.5539,0.18,false,master outer+inner,0.071366,0.1,128
G3,2026-11-30T11:30:00Z,IMG_301.jpg,backlight 1,8,15.7795,8.5924,0.09,false,master outer+inner,0.071366,0.1,128
G3,2026-11-30T11:30:00Z,IMG_301.jpg,backlight 1,9,15.7211,8.4936,0.14,false,master outer+inner,0.071366,0.1,128
G3,2026-11-30T11:30:00Z,IMG_301.jpg,backlight 1,10,15.7805,8.5098,0.25,false,master outer+inner,0.071366,0.1,128
G3,2026-11-30T11:30:00Z,IMG_301.jpg,backlight 1,11,15.796,8.608,0.2,false,master outer+inner,0.071366,0.1,128
G3,2026-11-30T11:30:00Z,IMG_301.jpg,backlight 1,12,15.8628,8.5527,0.09,false,master outer+inner,0.071366,0.1,128
G3,2026-11-30T11:30:00Z,IMG_301.jpg,backlight 1,13,15.8091,8.5873,0.09,false,master outer+inner,0.071366,0.1,128
G3,2026-11-30T11:30:00Z,IMG_301.jpg,backlight 1,14,15.8363,8.5367,0.16,false,master outer+inner,0.071366,0.1,128
G3,2026-11-30T11:30:00Z,IMG_301.jpg,backlight 1,15,15.8733,8.5169,0.39,false,master outer+inner,0.071366,0.1,128
G3,2026-11-30T11:32:00Z,IMG_302.jpg,backlight 2,M,15.71,8.54,0.27,true,master outer+inner,0.071366,0.1,128
G3,2026-11-30T11:32:00Z,IMG_302.jpg,backlight 2,1,15.9078,8.5366,0.18,false,master outer+inner,0.071366,0.1,128
G3,2026-11-30T11:32:00Z,IMG_302.jpg,backlight 2,2,15.8686,8.5941,0.16,false,master outer+inner,0.071366,0.1,128
G3,2026-11-30T11:32:00Z,IMG_302.jpg,backlight 2,3,15.7321,8.5205,0.0,false,master outer+inner,0.071366,0.1,128
G3,2026-11-30T11:32:00Z,IMG_302.jpg,backlight 2,4,15.8387,8.5121,0.21,false,master outer+inner,0.071366,0.1,128
G3,2026-11-30T11:32:00Z,IMG_302.jpg,backlight 2,5,15.9168,8.4771,0.16,false,master outer+inner,0.071366,0.1,128
G3,2026-11-30T11:32:00Z,IMG_302.jpg,backlight 2,6,15.7622,8.5181,0.15,false,master outer+inner,0.071366,0.1,128
G3,2026-11-30T11:32:00Z,IMG_302.jpg,backlight 2,7,15.8658,8.5083,0.09,false,master outer+inner,0.071366,0.1,128
G3,2026-11-30T11:32:00Z,IMG_302.jpg,backlight 2,8,15.7662,8.5505,0.25,false,master outer+inner,0.071366,0.1,128
G3,2026-11-30T11:32:00Z,IMG_302.jpg,backlight 2,9,15.7152,8.4906,0.14,false,master outer+inner,0.071366,0.1,128
G3,2026-11-30T11:32:00Z,IMG_302.jpg,backlight 2,10,15.7606,8.5037,0.3,false,master outer+inner,0.071366,0.1,128
G3,2026-11-30T11:32:00Z,IMG_302.jpg,backlight 2,11,15.804,8.5713,0.0,false,master outer+inner,0.071366,0.1,128
G3,2026-11-30T11:32:00Z,IMG_302.jpg,backlight 2,12,15.8564,8.5708,0.17,false,master outer+inner,0.071366,0.1,128
G3,2026-11-30T11:32:00Z,IMG_302.jpg,backlight 2,13,15.7747,8.5286,0.16,false,master outer+inner,0.071366,0.1,128
G3,2026-11-30T11:32:00Z,IMG_302.jpg,backlight 2,14,15.8414,8.567,0.16,false,master outer+inner,0.071366,0.1,128
G3,2026-11-30T11:32:00Z,IMG_302.jpg,backlight 2,15,15.8938,8.5303,0.1,false,master outer+inner,0.071366,0.1,128
G3,2026-11-30T11:34:00Z,IMG_303.jpg,backlight 3,M,15.71,8.54,0.19,true,master outer+inner,0.071366,0.1,128
G3,2026-11-30T11:34:00Z,IMG_303.jpg,backlight 3,1,15.8924,8.5323,0.2,false,master outer+inner,0.071366,0.1,128
G3,2026-11-30T11:34:00Z,IMG_303.jpg,backlight 3,2,15.8448,8.6005,0.18,false,master outer+inner,0.071366,0.1,128
G3,2026-11-30T11:34:00Z,IMG_303.jpg,backlight 3,3,15.7555,8.5132,0.18,false,master outer+inner,0.071366,0.1,128
G3,2026-11-30T11:34:00Z,IMG_303.jpg,backlight 3,4,15.8201,8.5374,0.09,false,master outer+inner,0.071366,0.1,128
G3,2026-11-30T11:34:00Z,IMG_303.jpg,backlight 3,5,15.9085,8.5259,0.08,false,master outer+inner,0.071366,0.1,128
G3,2026-11-30T11:34:00Z,IMG_303.jpg,backlight 3,6,15.7562,8.565,0.18,false,master outer+inner,0.071366,0.1,128
G3,2026-11-30T11:34:00Z,IMG_303.jpg,backlight 3,7,15.8364,8.4898,0.06,false,master outer+inner,0.071366,0.1,128
G3,2026-11-30T11:34:00Z,IMG_303.jpg,backlight 3,8,15.7811,8.587,0.31,false,master outer+inner,0.071366,0.1,128
G3,2026-11-30T11:34:00Z,IMG_303.jpg,backlight 3,9,15.7363,8.4797,0.06,false,master outer+inner,0.071366,0.1,128
G3,2026-11-30T11:34:00Z,IMG_303.jpg,backlight 3,10,15.7534,8.5306,0.25,false,master outer+inner,0.071366,0.1,128
G3,2026-11-30T11:34:00Z,IMG_303.jpg,backlight 3,11,15.7828,8.611,0.22,false,master outer+inner,0.071366,0.1,128
G3,2026-11-30T11:34:00Z,IMG_303.jpg,backlight 3,12,15.8608,8.6146,0.19,false,master outer+inner,0.071366,0.1,128
G3,2026-11-30T11:34:00Z,IMG_303.jpg,backlight 3,13,15.7961,8.5781,0.11,false,master outer+inner,0.071366,0.1,128
G3,2026-11-30T11:34:00Z,IMG_303.jpg,backlight 3,14,15.8216,8.574,0.24,false,master outer+inner,0.071366,0.1,128
G3,2026-11-30T11:34:00Z,IMG_303.jpg,backlight 3,15,15.8818,8.522,0.12,false,master outer+inner,0.071366,0.1,128
G4,2026-11-30T11:36:00Z,IMG_401.jpg,backlight 1,M,15.86,8.52,0.06,true,master outer+inner,0.070663,0.1,128
G4,2026-11-30T11:36:00Z,IMG_401.jpg,backlight 1,1,15.7719,8.6009,0.19,false,master outer+inner,0.070663,0.1,128
G4,2026-11-30T11:36:00Z,IMG_401.jpg,backlight 1,2,15.9135,8.5563,0.36,false,master outer+inner,0.070663,0.1,128
G4,2026-11-30T11:36:00Z,IMG_401.jpg,backlight 1,3,15.9256,8.6067,0.24,false,master outer+inner,0.070663,0.1,128
G4,2026-11-30T11:36:00Z,IMG_401.jpg,backlight 1,4,15.7652,8.5965,0.17,false,master outer+inner,0.070663,0.1,128
G4,2026-11-30T11:36:00Z,IMG_401.jpg,backlight 1,5,15.7824,8.5572,0.16,false,master outer+inner,0.070663,0.1,128
G4,2026-11-30T11:36:00Z,IMG_401.jpg,backlight 1,6,15.8299,8.531,0.13,false,master outer+inner,0.070663,0.1,128
G4,2026-11-30T11:36:00Z,IMG_401.jpg,backlight 1,7,15.8409,8.5636,0.13,false,master outer+inner,0.070663,0.1,128
G4,2026-11-30T11:36:00Z,IMG_401.jpg,backlight 1,8,15.8346,8.5055,0.12,false,master outer+inner,0.070663,0.1,128
G4,2026-11-30T11:36:00Z,IMG_401.jpg,backlight 1,9,15.7687,8.5705,0.17,false,master outer+inner,0.070663,0.1,128
G4,2026-11-30T11:36:00Z,IMG_401.jpg,backlight 1,10,15.9425,8.5243,0.22,false,master outer+inner,0.070663,0.1,128
G4,2026-11-30T11:36:00Z,IMG_401.jpg,backlight 1,11,15.8798,8.5703,0.24,false,master outer+inner,0.070663,0.1,128
G4,2026-11-30T11:36:00Z,IMG_401.jpg,backlight 1,12,15.7902,8.4767,0.12,false,master outer+inner,0.070663,0.1,128
G4,2026-11-30T11:36:00Z,IMG_401.jpg,backlight 1,13,15.8217,8.5037,0.22,false,master outer+inner,0.070663,0.1,128
G4,2026-11-30T11:36:00Z,IMG_401.jpg,backlight 1,14,15.823,8.5283,0.22,false,master outer+inner,0.070663,0.1,128
G4,2026-11-30T11:36:00Z,IMG_401.jpg,backlight 1,15,15.809,8.5409,0.02,false,master outer+inner,0.070663,0.1,128
G4,2026-11-30T11:38:00Z,IMG_402.jpg,backlight 2,M,15.86,8.52,0.13,true,master outer+inner,0.070663,0.1,128
G4,2026-11-30T11:38:00Z,IMG_402.jpg,backlight 2,1,15.7754,8.547,0.31,false,master outer+inner,0.070663,0.1,128
G4,2026-11-30T11:38:00Z,IMG_402.jpg,backlight 2,2,15.9521,8.5612,0.04,false,master outer+inner,0.070663,0.1,128
G4,2026-11-30T11:38:00Z,IMG_402.jpg,backlight 2,3,15.9195,8.5693,0.34,false,master outer+inner,0.070663,0.1,128
G4,2026-11-30T11:38:00Z,IMG_402.jpg,backlight 2,4,15.7377,8.5796,0.25,false,master outer+inner,0.070663,0.1,128
G4,2026-11-30T11:38:00Z,IMG_402.jpg,backlight 2,5,15.7968,8.5367,0.2,false,master outer+inner,0.070663,0.1,128
G4,2026-11-30T11:38:00Z,IMG_402.jpg,backlight 2,6,15.8348,8.5508,0.19,false,master outer+inner,0.070663,0.1,128
G4,2026-11-30T11:38:00Z,IMG_402.jpg,backlight 2,7,15.8434,8.5365,0.1,false,master outer+inner,0.070663,0.1,128
G4,2026-11-30T11:38:00Z,IMG_402.jpg,backlight 2,8,15.8212,8.4968,0.19,false,master outer+inner,0.070663,0.1,128
G4,2026-11-30T11:38:00Z,IMG_402.jpg,backlight 2,9,15.8071,8.5895,0.12,false,master outer+inner,0.070663,0.1,128
G4,2026-11-30T11:38:00Z,IMG_402.jpg,backlight 2,10,15.9638,8.5638,0.18,false,master outer+inner,0.070663,0.1,128
G4,2026-11-30T11:38:00Z,IMG_402.jpg,backlight 2,11,15.8788,8.5827,0.23,false,master outer+inner,0.070663,0.1,128
G4,2026-11-30T11:38:00Z,IMG_402.jpg,backlight 2,12,15.7831,8.4862,0.15,false,master outer+inner,0.070663,0.1,128
G4,2026-11-30T11:38:00Z,IMG_402.jpg,backlight 2,13,15.8461,8.4719,0.14,false,master outer+inner,0.070663,0.1,128
G4,2026-11-30T11:38:00Z,IMG_402.jpg,backlight 2,14,15.8217,8.4779,0.16,false,master outer+inner,0.070663,0.1,128
G4,2026-11-30T11:38:00Z,IMG_402.jpg,backlight 2,15,15.8087,8.5013,0.09,false,master outer+inner,0.070663,0.1,128
G4,2026-11-30T11:40:00Z,IMG_403.jpg,backlight 3,M,15.86,8.52,0.14,true,master outer+inner,0.070663,0.1,128
G4,2026-11-30T11:40:00Z,IMG_403.jpg,backlight 3,1,15.7215,8.5505,0.17,false,master outer+inner,0.070663,0.1,128
G4,2026-11-30T11:40:00Z,IMG_403.jpg,backlight 3,2,15.9579,8.5438,0.04,false,master outer+inner,0.070663,0.1,128
G4,2026-11-30T11:40:00Z,IMG_403.jpg,backlight 3,3,15.9335,8.5585,0.19,false,master outer+inner,0.070663,0.1,128
G4,2026-11-30T11:40:00Z,IMG_403.jpg,backlight 3,4,15.7333,8.5591,0.17,false,master outer+inner,0.070663,0.1,128
G4,2026-11-30T11:40:00Z,IMG_403.jpg,backlight 3,5,15.8048,8.5594,0.13,false,master outer+inner,0.070663,0.1,128
G4,2026-11-30T11:40:00Z,IMG_403.jpg,backlight 3,6,15.7937,8.5692,0.16,false,master outer+inner,0.070663,0.1,128
G4,2026-11-30T11:40:00Z,IMG_403.jpg,backlight 3,7,15.8369,8.5853,0.02,false,master outer+inner,0.070663,0.1,128
G4,2026-11-30T11:40:00Z,IMG_403.jpg,backlight 3,8,15.8122,8.5075,0.13,false,master outer+inner,0.070663,0.1,128
G4,2026-11-30T11:40:00Z,IMG_403.jpg,backlight 3,9,15.7481,8.5909,0.15,false,master outer+inner,0.070663,0.1,128
G4,2026-11-30T11:40:00Z,IMG_403.jpg,backlight 3,10,15.9578,8.5982,0.13,false,master outer+inner,0.070663,0.1,128
G4,2026-11-30T11:40:00Z,IMG_403.jpg,backlight 3,11,15.8985,8.5912,0.16,false,master outer+inner,0.070663,0.1,128
G4,2026-11-30T11:40:00Z,IMG_403.jpg,backlight 3,12,15.7679,8.4966,0.24,false,master outer+inner,0.070663,0.1,128
G4,2026-11-30T11:40:00Z,IMG_403.jpg,backlight 3,13,15.8281,8.5234,0.19,false,master outer+inner,0.070663,0.1,128
G4,2026-11-30T11:40:00Z,IMG_403.jpg,backlight 3,14,15.8357,8.4623,0.15,false,master outer+inner,0.070663,0.1,128
G4,2026-11-30T11:40:00Z,IMG_403.jpg,backlight 3,15,15.7944,8.5382,0.23,false,master outer+inner,0.070663,0.1,128
G5,2026-11-30T11:42:00Z,IMG_501.jpg,backlight 1,M,15.83,8.58,0.12,true,master outer+inner,0.084199,0.1,128
G5,2026-11-30T11:42:00Z,IMG_501.jpg,backlight 1,1,15.6914,8.5245,0.21,false,master outer+inner,0.084199,0.1,128
G5,2026-11-30T11:42:00Z,IMG_501.jpg,backlight 1,2,15.8271,8.5751,0.26,false,master outer+inner,0.084199,0.1,128
G5,2026-11-30T11:42:00Z,IMG_501.jpg,backlight 1,3,15.8009,8.599,0.17,false,master outer+inner,0.084199,0.1,128
G5,2026-11-30T11:42:00Z,IMG_501.jpg,backlight 1,4,15.84,8.529,0.22,false,master outer+inner,0.084199,0.1,128
G5,2026-11-30T11:42:00Z,IMG_501.jpg,backlight 1,5,15.9664,8.638,0.17,false,master outer+inner,0.084199,0.1,128
G5,2026-11-30T11:42:00Z,IMG_501.jpg,backlight 1,6,15.8791,8.5755,0.18,false,master outer+inner,0.084199,0.1,128
G5,2026-11-30T11:42:00Z,IMG_501.jpg,backlight 1,7,15.8252,8.5134,0.06,false,master outer+inner,0.084199,0.1,128
G5,2026-11-30T11:42:00Z,IMG_501.jpg,backlight 1,8,15.8161,8.5533,0.14,false,master outer+inner,0.084199,0.1,128
G5,2026-11-30T11:42:00Z,IMG_501.jpg,backlight 1,9,15.9144,8.551,0.24,false,master outer+inner,0.084199,0.1,128
G5,2026-11-30T11:42:00Z,IMG_501.jpg,backlight 1,10,15.8521,8.5071,0.08,false,master outer+inner,0.084199,0.1,128
G5,2026-11-30T11:42:00Z,IMG_501.jpg,backlight 1,11,15.8005,8.588,0.13,false,master outer+inner,0.084199,0.1,128
G5,2026-11-30T11:42:00Z,IMG_501.jpg,backlight 1,12,15.7983,8.5363,0.13,false,master outer+inner,0.084199,0.1,128
G5,2026-11-30T11:42:00Z,IMG_501.jpg,backlight 1,13,15.9717,8.5367,0.05,false,master outer+inner,0.084199,0.1,128
G5,2026-11-30T11:42:00Z,IMG_501.jpg,backlight 1,14,15.8587,8.5355,0.26,false,master outer+inner,0.084199,0.1,128
G5,2026-11-30T11:42:00Z,IMG_501.jpg,backlight 1,15,15.8764,8.5026,0.1,false,master outer+inner,0.084199,0.1,128
G5,2026-11-30T11:44:00Z,IMG_502.jpg,backlight 2,M,15.83,8.58,0.15,true,master outer+inner,0.084199,0.1,128
G5,2026-11-30T11:44:00Z,IMG_502.jpg,backlight 2,1,15.7223,8.5415,0.1,false,master outer+inner,0.084199,0.1,128
G5,2026-11-30T11:44:00Z,IMG_502.jpg,backlight 2,2,15.8098,8.5865,0.26,false,master outer+inner,0.084199,0.1,128
G5,2026-11-30T11:44:00Z,IMG_502.jpg,backlight 2,3,15.8044,8.5721,0.14,false,master outer+inner,0.084199,0.1,128
G5,2026-11-30T11:44:00Z,IMG_502.jpg,backlight 2,4,15.811,8.5967,0.2,false,master outer+inner,0.084199,0.1,128
G5,2026-11-30T11:44:00Z,IMG_502.jpg,backlight 2,5,15.9705,8.6019,0.22,false,master outer+inner,0.084199,0.1,128
G5,2026-11-30T11:44:00Z,IMG_502.jpg,backlight 2,6,15.9068,8.6105,0.14,false,master outer+inner,0.084199,0.1,128
G5,2026-11-30T11:44:00Z,IMG_502.jpg,backlight 2,7,15.8258,8.5177,0.12,false,master outer+inner,0.084199,0.1,128
G5,2026-11-30T11:44:00Z,IMG_502.jpg,backlight 2,8,15.8084,8.5585,0.14,false,master outer+inner,0.084199,0.1,128
G5,2026-11-30T11:44:00Z,IMG_502.jpg,backlight 2,9,15.9307,8.538,0.09,false,master outer+inner,0.084199,0.1,128
G5,2026-11-30T11:44:00Z,IMG_502.jpg,backlight 2,10,15.8574,8.5212,0.19,false,master outer+inner,0.084199,0.1,128
G5,2026-11-30T11:44:00Z,IMG_502.jpg,backlight 2,11,15.771,8.6014,0.14,false,master outer+inner,0.084199,0.1,128
G5,2026-11-30T11:44:00Z,IMG_502.jpg,backlight 2,12,15.7755,8.5124,0.03,false,master outer+inner,0.084199,0.1,128
G5,2026-11-30T11:44:00Z,IMG_502.jpg,backlight 2,13,15.9661,8.5623,0.16,false,master outer+inner,0.084199,0.1,128
G5,2026-11-30T11:44:00Z,IMG_502.jpg,backlight 2,14,15.8053,8.5167,0.14,false,master outer+inner,0.084199,0.1,128
G5,2026-11-30T11:44:00Z,IMG_502.jpg,backlight 2,15,15.8383,8.5436,0.14,false,master outer+inner,0.084199,0.1,128
G5,2026-11-30T11:46:00Z,IMG_503.jpg,backlight 3,M,15.83,8.58,0.14,true,master outer+inner,0.084199,0.1,128
G5,2026-11-30T11:46:00Z,IMG_503.jpg,backlight 3,1,15.7245,8.5192,0.07,false,master outer+inner,0.084199,0.1,128
G5,2026-11-30T11:46:00Z,IMG_503.jpg,backlight 3,2,15.7839,8.569,0.18,false,master outer+inner,0.084199,0.1,128
G5,2026-11-30T11:46:00Z,IMG_503.jpg,backlight 3,3,15.8123,8.5712,0.07,false,master outer+inner,0.084199,0.1,128
G5,2026-11-30T11:46:00Z,IMG_503.jpg,backlight 3,4,15.8339,8.5363,0.06,false,master outer+inner,0.084199,0.1,128
G5,2026-11-30T11:46:00Z,IMG_503.jpg,backlight 3,5,15.9536,8.5948,0.17,false,master outer+inner,0.084199,0.1,128
G5,2026-11-30T11:46:00Z,IMG_503.jpg,backlight 3,6,15.8903,8.5926,0.25,false,master outer+inner,0.084199,0.1,128
G5,2026-11-30T11:46:00Z,IMG_503.jpg,backlight 3,7,15.8404,8.5362,0.25,false,master outer+inner,0.084199,0.1,128
G5,2026-11-30T11:46:00Z,IMG_503.jpg,backlight 3,8,15.8191,8.5642,0.04,false,master outer+inner,0.084199,0.1,128
G5,2026-11-30T11:46:00Z,IMG_503.jpg,backlight 3,9,15.9364,8.5083,0.3,false,master outer+inner,0.084199,0.1,128
G5,2026-11-30T11:46:00Z,IMG_503.jpg,backlight 3,10,15.8914,8.4992,0.06,false,master outer+inner,0.084199,0.1,128
G5,2026-11-30T11:46:00Z,IMG_503.jpg,backlight 3,11,15.7641,8.5789,0.25,false,master outer+inner,0.084199,0.1,128
G5,2026-11-30T11:46:00Z,IMG_503.jpg,backlight 3,12,15.7854,8.5423,0.02,false,master outer+inner,0.084199,0.1,128
G5,2026-11-30T11:46:00Z,IMG_503.jpg,backlight 3,13,15.967,8.5521,0.17,false,master outer+inner,0.084199,0.1,128
G5,2026-11-30T11:46:00Z,IMG_503.jpg,backlight 3,14,15.837,8.5598,0.18,false,master outer+inner,0.084199,0.1,128
G5,2026-11-30T11:46:00Z,IMG_503.jpg,backlight 3,15,15.888,8.4951,0.08,false,master outer+inner,0.084199,0.1,128
G6,2026-11-30T11:48:00Z,IMG_601.jpg,backlight 1,M,15.84,8.48,0.24,true,master outer+inner,0.094742,0.1,128
G6,2026-11-30T11:48:00Z,IMG_601.jpg,backlight 1,1,15.8288,8.5725,0.25,false,master outer+inner,0.094742,0.1,128
G6,2026-11-30T11:48:00Z,IMG_601.jpg,backlight 1,2,15.7314,8.5369,0.22,false,master outer+inner,0.094742,0.1,128
G6,2026-11-30T11:48:00Z,IMG_601.jpg,backlight 1,3,15.8586,8.5107,0.14,false,master outer+inner,0.094742,0.1,128
G6,2026-11-30T11:48:00Z,IMG_601.jpg,backlight 1,4,15.8003,8.6043,0.13,false,master outer+inner,0.094742,0.1,128
G6,2026-11-30T11:48:00Z,IMG_601.jpg,backlight 1,5,15.8996,8.5258,0.25,false,master outer+inner,0.094742,0.1,128
G6,2026-11-30T11:48:00Z,IMG_601.jpg,backlight 1,6,15.9718,8.4796,0.14,false,master outer+inner,0.094742,0.1,128
G6,2026-11-30T11:48:00Z,IMG_601.jpg,backlight 1,7,15.8231,8.5359,0.1,false,master outer+inner,0.094742,0.1,128
G6,2026-11-30T11:48:00Z,IMG_601.jpg,backlight 1,8,15.88,8.5432,0.17,false,master outer+inner,0.094742,0.1,128
G6,2026-11-30T11:48:00Z,IMG_601.jpg,backlight 1,9,15.876,8.5142,0.15,false,master outer+inner,0.094742,0.1,128
G6,2026-11-30T11:48:00Z,IMG_601.jpg,backlight 1,10,15.8347,8.5777,0.06,false,master outer+inner,0.094742,0.1,128
G6,2026-11-30T11:48:00Z,IMG_601.jpg,backlight 1,11,15.8863,8.5023,0.01,false,master outer+inner,0.094742,0.1,128
G6,2026-11-30T11:48:00Z,IMG_601.jpg,backlight 1,12,15.7567,8.5374,0.11,false,master outer+inner,0.094742,0.1,128
G6,2026-11-30T11:48:00Z,IMG_601.jpg,backlight 1,13,15.8988,8.553,0.15,false,master outer+inner,0.094742,0.1,128
G6,2026-11-30T11:48:00Z,IMG_601.jpg,backlight 1,14,15.8851,8.4321,0.14,false,master outer+inner,0.094742,0.1,128
G6,2026-11-30T11:48:00Z,IMG_601.jpg,backlight 1,15,15.7864,8.5526,0.09,false,master outer+inner,0.094742,0.1,128
G6,2026-11-30T11:50:00Z,IMG_602.jpg,backlight 2,M,15.84,8.48,0.2,true,master outer+inner,0.094742,0.1,128
G6,2026-11-30T11:50:00Z,IMG_602.jpg,backlight 2,1,15.8214,8.5905,0.21,false,master outer+inner,0.094742,0.1,128
G6,2026-11-30T11:50:00Z,IMG_602.jpg,backlight 2,2,15.7534,8.5573,0.17,false,master outer+inner,0.094742,0.1,128
G6,2026-11-30T11:50:00Z,IMG_602.jpg,backlight 2,3,15.8315,8.5123,0.16,false,master outer+inner,0.094742,0.1,128
G6,2026-11-30T11:50:00Z,IMG_602.jpg,backlight 2,4,15.8287,8.5857,0.28,false,master outer+inner,0.094742,0.1,128
G6,2026-11-30T11:50:00Z,IMG_602.jpg,backlight 2,5,15.9014,8.5254,0.07,false,master outer+inner,0.094742,0.1,128
G6,2026-11-30T11:50:00Z,IMG_602.jpg,backlight 2,6,15.9367,8.4497,0.19,false,master outer+inner,0.094742,0.1,128
G6,2026-11-30T11:50:00Z,IMG_602.jpg,backlight 2,7,15.8594,8.521,0.26,false,master outer+inner,0.094742,0.1,128
G6,2026-11-30T11:50:00Z,IMG_602.jpg,backlight 2,8,15.9205,8.5749,0.15,false,master outer+inner,0.094742,0.1,128
G6,2026-11-30T11:50:00Z,IMG_602.jpg,backlight 2,9,15.8849,8.5246,0.03,false,master outer+inner,0.094742,0.1,128
G6,2026-11-30T11:50:00Z,IMG_602.jpg,backlight 2,10,15.8453,8.5492,0.12,false,master outer+inner,0.094742,0.1,128
G6,2026-11-30T11:50:00Z,IMG_602.jpg,backlight 2,11,15.8844,8.4788,0.05,false,master outer+inner,0.094742,0.1,128
G6,2026-11-30T11:50:00Z,IMG_602.jpg,backlight 2,12,15.7721,8.5795,0.04,false,master outer+inner,0.094742,0.1,128
G6,2026-11-30T11:50:00Z,IMG_602.jpg,backlight 2,13,15.8962,8.5455,0.12,false,master outer+inner,0.094742,0.1,128
G6,2026-11-30T11:50:00Z,IMG_602.jpg,backlight 2,14,15.9115,8.4765,0.18,false,master outer+inner,0.094742,0.1,128
G6,2026-11-30T11:50:00Z,IMG_602.jpg,backlight 2,15,15.8115,8.5639,0.02,false,master outer+inner,0.094742,0.1,128
G6,2026-11-30T11:52:00Z,IMG_603.jpg,backlight 3,M,15.84,8.48,0.18,true,master outer+inner,0.094742,0.1,128
G6,2026-11-30T11:52:00Z,IMG_603.jpg,backlight 3,1,15.8207,8.5857,0.22,false,master outer+inner,0.094742,0.1,128
G6,2026-11-30T11:52:00Z,IMG_603.jpg,backlight 3,2,15.772,8.5553,0.06,false,master outer+inner,0.094742,0.1,128
G6,2026-11-30T11:52:00Z,IMG_603.jpg,backlight 3,3,15.86,8.5124,0.14,false,master outer+inner,0.094742,0.1,128
G6,2026-11-30T11:52:00Z,IMG_603.jpg,backlight 3,4,15.8293,8.5835,0.1,false,master outer+inner,0.094742,0.1,128
G6,2026-11-30T11:52:00Z,IMG_603.jpg,backlight 3,5,15.862,8.5532,0.24,false,master outer+inner,0.094742,0.1,128
G6,2026-11-30T11:52:00Z,IMG_603.jpg,backlight 3,6,15.894,8.4758,0.05,false,master outer+inner,0.094742,0.1,128
G6,2026-11-30T11:52:00Z,IMG_603.jpg,backlight 3,7,15.8202,8.5318,0.11,false,master outer+inner,0.094742,0.1,128
G6,2026-11-30T11:52:00Z,IMG_603.jpg,backlight 3,8,15.8727,8.5702,0.23,false,master outer+inner,0.094742,0.1,128
G6,2026-11-30T11:52:00Z,IMG_603.jpg,backlight 3,9,15.9097,8.541,0.2,false,master outer+inner,0.094742,0.1,128
G6,2026-11-30T11:52:00Z,IMG_603.jpg,backlight 3,10,15.8549,8.5899,0.06,false,master outer+inner,0.094742,0.1,128
G6,2026-11-30T11:52:00Z,IMG_603.jpg,backlight 3,11,15.8702,8.5264,0.22,false,master outer+inner,0.094742,0.1,128
G6,2026-11-30T11:52:00Z,IMG_603.jpg,backlight 3,12,15.7962,8.5498,0.08,false,master outer+inner,0.094742,0.1,128
G6,2026-11-30T11:52:00Z,IMG_603.jpg,backlight 3,13,15.8734,8.5735,0.24,false,master outer+inner,0.094742,0.1,128
G6,2026-11-30T11:52:00Z,IMG_603.jpg,backlight 3,14,15.8716,8.4604,0.14,false,master outer+inner,0.094742,0.1,128
G6,2026-11-30T11:52:00Z,IMG_603.jpg,backlight 3,15,15.8188,8.5498,0.08,false,master outer+inner,0.094742,0.1,128
